id,htc_id,study_participant_id
1,28,WTSCX6FYH
2,733,NTB5MF67S
3,4,72WRU4VCK
4,28,BPVQG27TX
5,733,T2VGWR9F7
6,28,HCZNJ687K
7,28,CYWA5XSJ2
8,733,PNE98RFK3
9,733,TUFX473RM
10,733,FZJYCNR2H
11,932,FDCWVKE5R
12,932,AH5E9NGDM
13,28,S47GENA69
14,733,JNE4WQY3C
15,28,JS4Q6XRWK
16,261,YXZHS4W9F
17,261,XUF4GSB2H
18,28,89VRHTBAY
19,801,T2GFJ97QE
20,801,47J5SNAD8
21,932,5YWBHJE9K
22,932,XAPSR2Z95
23,153,N4ZAPDFBX
24,733,4ZKCVW56A
25,680,MRUKQ579P
26,70,W7SM6XPB4
27,680,7CMUVGAJK
28,733,4FBRE5V26
29,680,QBA9HNWEF
30,733,ARGUJN4FV
31,153,S243X7U6K
32,251,JGUWY4N8Q
33,733,98XSWTUHG
34,680,XC8GZ95DY
35,353,2YCE6RPX4
36,801,FT3QZ9JUW
37,70,RVHBD9MFA
38,153,HFR6AN5SC
39,734,CZBKPWYR4
40,733,5UD3XGAJV
41,733,7UG2YPV8Q
42,680,VT67Q5NA4
43,153,2BGMZEPF9
44,153,SF3NR4PMZ
45,153,4YUC2QBXV
46,153,3S8FWM5UZ
47,353,XMRNHP4FA
48,680,MRJFB8U3E
49,932,TEWU7RQ6F
50,733,PVCT78Z9E
51,680,KTWMXHBDC
52,680,3VCNY5W2S
53,734,F63CBHUVY
54,28,CWDKQTPUM
55,671,TRCEQ437N
56,671,KN63HCEUY
57,251,GKVQ4WH7F
58,251,S4PUVHMT7
59,251,WUVGH3SEK
60,4,UXPKVQRJ6
61,733,X8HQBRC92
62,733,2NR3GEUQC
63,733,NRTFZKXA4
64,733,5F2HKDMCR
65,251,Y5QZ2D49G
66,733,S3WY7XAZ2
67,733,W5BQNY6EP
68,251,795XSVHP4
69,353,DKFYEJNB2
70,353,5ABRV4ZCD
71,70,TNEXH5WYK
72,932,DVBEHCWTZ
73,733,N2E7B3K6C
74,733,DGHYN9JQ2
75,569,Q2DTCJ5HN
76,153,8SNTB7V6C
77,569,2HZGK4FV9
78,28,VGX45Q9AJ
79,251,37DUK6NPE
80,680,7RND4FKXV
81,733,CJNYBKX2V
82,932,VJNR7TB42
83,854,B35Q4JMDY
84,261,6USTZK7X2
85,251,2RVD4C5FZ
86,733,KMW4NS57J
87,733,35FHNTAK9
88,671,852DGJPNV
89,932,YDHR4TQ3U
90,854,25RX83V9F
91,733,AY5JSMZW3
92,854,9NDYJV8Q3
93,854,GSQ6B9853
94,854,XA5NB9ZPY
95,353,EMFKVBHD2
96,353,MU6QC5HES
97,932,52UNM8SCA
98,251,XU7MVHJTR
99,261,RMHG2YKTJ
100,251,SW9TXQZUK
101,261,68QUR9AGY
102,734,T7CS6WY8Z
103,70,GQTAPNXR3
104,733,GJ2RMVDPH
105,733,8EAMZ3KPH
106,4,32CEBNYZ7
107,251,YNQKCUDBF
108,251,VHSN2JYT9
109,28,WUVCKHY5A
110,251,E72CQAP98
111,251,G8D9V3ZFU
112,440,8SRYMB4AG
113,251,RKAB92CQZ
114,251,VFES3T6BJ
115,251,XWMAJ6RS4
116,440,UNRCZ745S
117,440,4FBPZY6Q9
118,932,JN2WPQBS3
119,932,935G87UN4
120,932,2UVXCZYM5
121,932,5M6TUZQJV
122,671,HY8PTV5JE
123,671,ZASW469CT
124,680,U5KZR89G2
125,251,NKM4UD5H9
126,251,6RAY27NC4
127,251,KRBE7JM54
128,70,F723TDCNJ
129,261,6U5PDRN9Q
130,70,4HCUB5RXG
131,28,YXS76FRV9
132,734,XNZ8GWVYK
133,440,WGBXFTVYM
134,153,FPHSJCDZT
135,153,V9Z3PQYU2
136,153,F5URGYA3D
137,261,XYKT89U4H
138,4,CVTHAMSWF
139,251,YBTP6GXQR
140,932,7RFXMTJ43
141,680,TCH3XVA8S
142,680,JSHTR9Y86
143,865,C8AQVZRM2
144,251,KXPHGJ68Y
145,4,HBDM9PZFT
146,733,H2GMX5KSW
147,4,T5K4BVC3Z
148,734,GKRJDSAW3
149,251,5ZSXPURNT
150,251,BTJ2ARVED
151,251,2XBHJUWDF
152,251,2DYKBRUZC
153,733,U3EPBZKAS
154,932,SHFAZUYTX
155,251,AMD5P2FX3
156,251,UBVTYZK4N
157,251,3Y6JBWU7S
158,733,J5G2RVBDN
159,733,JFRACBZ6W
160,733,QMZ9RG4DY
161,733,E26BG3XU7
162,733,3W86SV7NP
163,733,TPEFYXK9H
164,680,7EJX5VPKC
165,680,UBF7TQE38
166,932,ESM9XGAWZ
167,733,G36MKC9UV
168,28,JSAQZPGFW
169,28,NTHZBX69S
170,680,R5XQWH6V7
171,70,364RNYB9K
172,680,UM845NPTY
173,932,57QVFBSGR
174,733,YKGWTJ79C
175,680,UG68P2RE3
176,932,4ESA8W5RN
177,932,RM4CZVGYS
178,153,X9ZK37RD2
179,801,DQKUXNBSV
180,153,6SGVMNEJ2
181,680,NV7GWUQFZ
182,28,EN8M7DS35
183,70,FSYC29ND4
184,932,9WAX3N65C
185,801,WK6UB2EDQ
186,680,H73WPX5ZG
187,932,K49MRQAW8
188,932,K2CE93BWY
189,28,S4XKEAQW2
190,733,5DWCHFXBY
191,28,C6VNGT3DR
192,4,U4HMY3DA9
193,28,J4W9GNPVB
194,801,3ZJ2PEHVG
195,801,JVP63B7FX
196,680,75ZT4BDCK
197,734,JDXRMNY3T
198,801,JD52TYUHS
199,251,UFHKPWSRB
200,932,EADNVGSHY
201,932,PZ4FNR6UG
202,801,MJWFNQR36
203,801,U2YCWQGP5
204,801,A7MUGTZQB
205,801,VD5ANYQ8G
206,801,TN5VWRH6M
207,801,T9RUJAQ6B
208,801,DBHQJA7N3
209,801,VEKHFUBPA
210,932,9A7VKTUSQ
211,932,RXBPCHZ4D
212,801,ZS6TFWEHR
213,440,M9HKAQY6X
214,932,RDYQTGPM4
215,932,XP5CYFTS4
216,801,K6HPSDZMX
217,801,HBW72J5Q6
218,801,ZMNQDPB3H
219,801,2DWC5FA47
220,801,EP7QXRDCW
221,801,M4R3BQZEP
222,801,RU924DVCN
223,801,FDAT2UPS3
224,440,26BVC9F35
225,801,MTS84XAPD
226,801,FT927ZE8X
227,932,XW9YEU4JN
228,801,AVGHTZXS9
229,932,ZETRWJC27
230,932,ASHWPK58C
231,801,JSCRXDFN9
232,932,XRA7NZCU8
233,801,XRTUZVJC5
234,932,SCK8PFGRB
235,801,MKSYQWVGU
236,801,UPQGY7W9H
237,932,MP3EU8NRJ
238,853,MZSAXU9CJ
239,801,Z9A2XMSVC
240,28,HFK48SDMW
241,801,Y3PBH6FE7
242,932,2AXNBCTK8
243,932,8DC3ZEPKW
244,932,N4RDVMCZS
245,801,VZDSN489M
246,932,XD7NVQCK9
247,932,AUS7EFVMZ
248,733,E3GMKSP6C
249,932,ESX9M8WN7
250,680,VP56CRDQM
251,801,58ZVWQCH7
252,932,26YC8VU3P
253,801,EMBK4DZTH
254,801,QG9ECTP7R
255,801,F45YM3E6J
256,932,NY4G7A6RU
257,932,AD95P8NU6
258,801,9FB8MJYSZ
259,801,K9U6SZN4F
260,801,UA4MTN6R3
261,932,AF3JV8ES2
262,801,CDM5T49RN
263,733,UH2ZPRC4Q
264,680,CPYU7METS
265,680,7HDQVNY9W
266,932,KFPSCHEM8
267,680,2VS978HYF
268,680,XB5GSZUD4
269,801,WRXCH53Q6
270,733,XY9UVF7MT
271,801,ZSN8WKPQB
272,734,QSG8MEXAB
273,680,QYVF5M46G
274,932,ACNS3JVDZ
275,28,2DJWB6G3F
276,4,BU9DQ4VSG
277,251,6F9M7SGPZ
278,251,3XQF4WA2M
279,251,6AFYTM8DN
280,28,WYV874HC6
281,801,9NBVJC7QR
282,28,DTSC5AEUK
283,28,KDM3HXRGW
284,932,UMTYRADHQ
285,932,UXF4NTPWE
286,801,WFK9N5JCQ
287,28,ZSNBGMCEF
288,801,WK6UB2EDQ
289,932,4ESA8W5RN
290,932,XD7NVQCK9
291,932,ZETRWJC27
292,801,FT927ZE8X
293,932,2AXNBCTK8
294,440,M9HKAQY6X
295,932,AD95P8NU6
296,801,EP7QXRDCW
297,28,BPVQG27TX
298,932,XP5CYFTS4
299,932,N4RDVMCZS
300,932,UMTYRADHQ
301,28,DTSC5AEUK
302,28,KDM3HXRGW
303,932,XW9YEU4JN
304,932,ASHWPK58C
305,28,WTSCX6FYH
306,801,FT927ZE8X
307,932,UXF4NTPWE
308,801,FDAT2UPS3
309,932,NY4G7A6RU
310,801,UPQGY7W9H
311,801,MKSYQWVGU
312,4,72WRU4VCK
313,28,S47GENA69
314,733,4ZKCVW56A
315,733,QMZ9RG4DY
316,28,CYWA5XSJ2
317,153,N4ZAPDFBX
318,733,TUFX473RM
319,932,4ESA8W5RN
320,932,AD95P8NU6
321,932,AD95P8NU6
322,733,J5G2RVBDN
323,932,9A7VKTUSQ
324,28,89VRHTBAY
325,733,YKGWTJ79C
326,733,FZJYCNR2H
327,733,E3GMKSP6C
328,932,26YC8VU3P
329,28,JSAQZPGFW
330,733,G36MKC9UV
331,680,UBF7TQE38
332,28,KDM3HXRGW
333,932,NY4G7A6RU
334,28,NTHZBX69S
335,733,E26BG3XU7
336,569,2HZGK4FV9
337,680,7EJX5VPKC
338,932,UMTYRADHQ
339,932,RM4CZVGYS
340,70,364RNYB9K
341,932,5YWBHJE9K
342,733,PNE98RFK3
343,680,MRUKQ579P
344,4,BU9DQ4VSG
345,680,7HDQVNY9W
346,733,UH2ZPRC4Q
347,733,T2VGWR9F7
348,733,JNE4WQY3C
349,680,R5XQWH6V7
350,932,K49MRQAW8
351,932,57QVFBSGR
352,569,Q2DTCJ5HN
353,261,XUF4GSB2H
354,28,DTSC5AEUK
355,28,ZSNBGMCEF
356,932,EADNVGSHY
357,932,ZETRWJC27
358,680,CPYU7METS
359,733,NTB5MF67S
360,932,XRA7NZCU8
361,28,WYV874HC6
362,153,6SGVMNEJ2
363,680,QBA9HNWEF
364,680,7CMUVGAJK
365,261,68QUR9AGY
366,440,M9HKAQY6X
367,251,6AFYTM8DN
368,734,CZBKPWYR4
369,734,JDXRMNY3T
370,680,75ZT4BDCK
371,28,HFK48SDMW
372,28,S4XKEAQW2
373,28,C6VNGT3DR
374,932,ASHWPK58C
375,251,6F9M7SGPZ
376,932,XAPSR2Z95
377,932,XP5CYFTS4
378,932,ESM9XGAWZ
379,680,UG68P2RE3
380,680,UM845NPTY
381,733,TPEFYXK9H
382,733,XY9UVF7MT
383,733,5DWCHFXBY
384,932,8DC3ZEPKW
385,680,QYVF5M46G
386,733,4FBRE5V26
387,251,3XQF4WA2M
388,251,FMCHYVBDT
389,440,M9HKAQY6X
390,440,26BVC9F35
391,440,26BVC9F35
392,440,26BVC9F35
393,153,HFR6AN5SC
394,680,XB5GSZUD4
395,28,J4W9GNPVB
396,733,E26BG3XU7
397,733,5UD3XGAJV
398,733,J5G2RVBDN
399,680,XC8GZ95DY
400,680,MRJFB8U3E
401,733,GJ2RMVDPH
402,733,N2E7B3K6C
403,734,QSG8MEXAB
404,733,CJNYBKX2V
405,734,F63CBHUVY
406,680,3VCNY5W2S
407,680,VT67Q5NA4
408,680,NV7GWUQFZ
409,4,72WRU4VCK
410,932,NY4G7A6RU
411,932,FDCWVKE5R
412,932,AH5E9NGDM
413,932,VJNR7TB42
414,932,KFPSCHEM8
415,680,2VS978HYF
416,932,9A7VKTUSQ
417,932,K2CE93BWY
418,932,ESX9M8WN7
419,932,ACNS3JVDZ
420,733,PVCT78Z9E
421,733,TUFX473RM
422,680,KTWMXHBDC
423,733,DGHYN9JQ2
424,251,S4PUVHMT7
425,932,9WAX3N65C
426,733,E3GMKSP6C
427,733,4ZKCVW56A
428,932,ZETRWJC27
429,801,T9RUJAQ6B
430,733,5DWCHFXBY
431,801,T9RUJAQ6B
432,28,C6VNGT3DR
433,932,8DC3ZEPKW
434,932,9A7VKTUSQ
435,932,8DC3ZEPKW
436,28,JS4Q6XRWK
437,932,FDCWVKE5R
438,28,HCZNJ687K
439,932,XAPSR2Z95
440,932,AH5E9NGDM
441,932,9A7VKTUSQ
442,801,MJWFNQR36
443,801,VEKHFUBPA
444,801,F45YM3E6J
445,932,ESX9M8WN7
446,801,VEKHFUBPA
447,801,WFK9N5JCQ
448,733,NTB5MF67S
449,28,S4XKEAQW2
450,801,K6HPSDZMX
451,801,MTS84XAPD
452,801,MTS84XAPD
453,801,HBW72J5Q6
454,932,XP5CYFTS4
455,932,K2CE93BWY
456,932,RXBPCHZ4D
457,932,ASHWPK58C
458,932,XRA7NZCU8
459,932,XRA7NZCU8
460,932,AUS7EFVMZ
461,932,SCK8PFGRB
462,932,XRA7NZCU8
463,801,MJWFNQR36
464,801,U2YCWQGP5
465,801,U2YCWQGP5
466,801,EP7QXRDCW
467,801,K9U6SZN4F
468,28,J4W9GNPVB
469,28,ZSNBGMCEF
470,932,8DC3ZEPKW
471,28,HFK48SDMW
472,932,N4RDVMCZS
473,801,T9RUJAQ6B
474,932,PZ4FNR6UG
475,932,2AXNBCTK8
476,932,ESX9M8WN7
477,932,RXBPCHZ4D
478,932,PZ4FNR6UG
479,28,C6VNGT3DR
480,28,J4W9GNPVB
481,28,WTSCX6FYH
482,28,JS4Q6XRWK
483,801,MTS84XAPD
484,801,9FB8MJYSZ
485,801,UPQGY7W9H
486,801,MKSYQWVGU
487,801,9NBVJC7QR
488,801,WK6UB2EDQ
489,801,47J5SNAD8
490,932,XAPSR2Z95
491,733,FZJYCNR2H
492,28,89VRHTBAY
493,28,S47GENA69
494,801,M4R3BQZEP
495,801,3ZJ2PEHVG
496,28,2DJWB6G3F
497,4,BU9DQ4VSG
498,680,R5XQWH6V7
499,733,E26BG3XU7
500,680,VT67Q5NA4
501,680,NV7GWUQFZ
502,671,TRCEQ437N
503,733,E26BG3XU7
504,932,KFPSCHEM8
505,353,2YCE6RPX4
506,28,EN8M7DS35
507,680,VP56CRDQM
508,680,75ZT4BDCK
509,680,2VS978HYF
510,680,XB5GSZUD4
511,680,UBF7TQE38
512,680,XC8GZ95DY
513,680,KTWMXHBDC
514,680,3VCNY5W2S
515,671,852DGJPNV
516,671,HY8PTV5JE
517,671,ZASW469CT
518,734,XNZ8GWVYK
519,28,CWDKQTPUM
520,680,UG68P2RE3
521,680,MRUKQ579P
522,680,H73WPX5ZG
523,680,QYVF5M46G
524,680,MRJFB8U3E
525,680,UM845NPTY
526,680,7RND4FKXV
527,671,KN63HCEUY
528,28,VGX45Q9AJ
529,680,7EJX5VPKC
530,680,CPYU7METS
531,680,7HDQVNY9W
532,70,364RNYB9K
533,932,935G87UN4
534,4,UXPKVQRJ6
535,932,52UNM8SCA
536,932,YDHR4TQ3U
537,932,JN2WPQBS3
538,932,RDYQTGPM4
539,932,K49MRQAW8
540,932,26YC8VU3P
541,28,BPVQG27TX
542,28,HCZNJ687K
543,28,CYWA5XSJ2
544,801,WK6UB2EDQ
545,932,K2CE93BWY
546,680,QBA9HNWEF
547,680,7CMUVGAJK
548,801,JVP63B7FX
549,801,Z9A2XMSVC
550,801,DBHQJA7N3
551,932,RM4CZVGYS
552,28,S4XKEAQW2
553,932,4ESA8W5RN
554,932,XW9YEU4JN
555,801,VEKHFUBPA
556,932,AD95P8NU6
557,801,T9RUJAQ6B
558,801,VZDSN489M
559,932,ESX9M8WN7
560,801,U2YCWQGP5
561,801,ZMNQDPB3H
562,801,FT927ZE8X
563,801,FDAT2UPS3
564,801,MJWFNQR36
565,801,HBW72J5Q6
566,801,TN5VWRH6M
567,801,EP7QXRDCW
568,801,JSCRXDFN9
569,801,EMBK4DZTH
570,801,AVGHTZXS9
571,801,DQKUXNBSV
572,801,K9U6SZN4F
573,801,QG9ECTP7R
574,801,F45YM3E6J
575,28,ZSNBGMCEF
576,28,HFK48SDMW
577,801,K6HPSDZMX
578,801,2DWC5FA47
579,801,T2GFJ97QE
580,801,RU924DVCN
581,932,PZ4FNR6UG
582,801,XRTUZVJC5
583,801,M4R3BQZEP
584,801,A7MUGTZQB
585,801,VD5ANYQ8G
586,932,SCK8PFGRB
587,932,ZETRWJC27
588,932,AF3JV8ES2
589,801,HBW72J5Q6
590,4,72WRU4VCK
591,28,NTHZBX69S
592,801,EP7QXRDCW
593,801,ZMNQDPB3H
594,801,EP7QXRDCW
595,932,57QVFBSGR
596,932,EADNVGSHY
597,932,ESM9XGAWZ
598,4,U4HMY3DA9
599,28,JSAQZPGFW
600,932,UXF4NTPWE
601,28,DTSC5AEUK
602,28,KDM3HXRGW
603,932,MP3EU8NRJ
604,932,UMTYRADHQ
605,28,BPVQG27TX
606,733,JFRACBZ6W
607,733,E26BG3XU7
608,733,J5G2RVBDN
609,733,3W86SV7NP
610,733,YKGWTJ79C
611,28,89VRHTBAY
612,733,PNE98RFK3
613,932,FDCWVKE5R
614,733,TPEFYXK9H
615,733,G36MKC9UV
616,733,TUFX473RM
617,733,QMZ9RG4DY
618,733,T2VGWR9F7
619,680,QBA9HNWEF
620,801,DBHQJA7N3
621,801,VEKHFUBPA
622,733,NTB5MF67S
623,733,4ZKCVW56A
624,680,UM845NPTY
625,801,M4R3BQZEP
626,733,5DWCHFXBY
627,733,4FBRE5V26
628,153,2BGMZEPF9
629,251,S4PUVHMT7
630,251,WUVGH3SEK
631,251,JGUWY4N8Q
632,153,8SNTB7V6C
633,153,N4ZAPDFBX
634,680,VP56CRDQM
635,680,XB5GSZUD4
636,28,2DJWB6G3F
637,680,2VS978HYF
638,733,7UG2YPV8Q
639,733,5UD3XGAJV
640,353,2YCE6RPX4
641,680,XC8GZ95DY
642,353,XMRNHP4FA
643,680,MRJFB8U3E
644,70,W7SM6XPB4
645,932,TEWU7RQ6F
646,733,PVCT78Z9E
647,680,KTWMXHBDC
648,251,37DUK6NPE
649,153,HFR6AN5SC
650,680,VT67Q5NA4
651,680,NV7GWUQFZ
652,733,ARGUJN4FV
653,733,N2E7B3K6C
654,680,H73WPX5ZG
655,153,X9ZK37RD2
656,153,SF3NR4PMZ
657,153,4YUC2QBXV
658,733,CJNYBKX2V
659,733,DGHYN9JQ2
660,733,GJ2RMVDPH
661,671,TRCEQ437N
662,671,KN63HCEUY
663,251,GKVQ4WH7F
664,733,KMW4NS57J
665,680,7RND4FKXV
666,353,EMFKVBHD2
667,4,UXPKVQRJ6
668,251,2RVD4C5FZ
669,932,YDHR4TQ3U
670,733,2NR3GEUQC
671,733,AY5JSMZW3
672,733,8EAMZ3KPH
673,353,MU6QC5HES
674,733,35FHNTAK9
675,733,W5BQNY6EP
676,70,TNEXH5WYK
677,353,5ABRV4ZCD
678,353,DKFYEJNB2
679,733,S3WY7XAZ2
680,854,X9KD2GUFY
681,854,GSQ6B9853
682,854,XA5NB9ZPY
683,932,52UNM8SCA
684,733,5F2HKDMCR
685,733,NRTFZKXA4
686,733,X8HQBRC92
687,932,DVBEHCWTZ
688,261,6U5PDRN9Q
689,854,RTKWQ39AJ
690,70,GQTAPNXR3
691,854,7GJC5ZN4D
692,854,6QZHAUWF3
693,932,2UVXCZYM5
694,671,ZASW469CT
695,251,NKM4UD5H9
696,680,U5KZR89G2
697,251,E72CQAP98
698,932,XRA7NZCU8
699,440,8SRYMB4AG
700,70,4HCUB5RXG
701,28,YXS76FRV9
702,440,WGBXFTVYM
703,440,UNRCZ745S
704,440,4FBPZY6Q9
705,336,96F3A2WMB
706,336,NYC6TVQSW
707,336,93QN6K4VH
708,153,S243X7U6K
709,932,JN2WPQBS3
710,932,935G87UN4
711,153,3S8FWM5UZ
712,932,5M6TUZQJV
713,153,FPHSJCDZT
714,153,V9Z3PQYU2
715,153,F5URGYA3D
716,932,7RFXMTJ43
717,153,6SGVMNEJ2
718,251,YNQKCUDBF
719,251,VHSN2JYT9
720,671,852DGJPNV
721,671,HY8PTV5JE
722,4,CVTHAMSWF
723,251,YBTP6GXQR
724,680,TCH3XVA8S
725,680,JSHTR9Y86
726,932,9A7VKTUSQ
727,932,SHFAZUYTX
728,932,A7GK8HVD2
729,251,KXPHGJ68Y
730,4,T5K4BVC3Z
731,733,U3EPBZKAS
732,4,HBDM9PZFT
733,733,H2GMX5KSW
734,251,5ZSXPURNT
735,251,BTJ2ARVED
736,251,2DYKBRUZC
737,251,3Y6JBWU7S
738,251,UBVTYZK4N
739,251,795XSVHP4
740,251,AMD5P2FX3
741,70,364RNYB9K
742,680,R5XQWH6V7
743,680,7CMUVGAJK
744,733,UH2ZPRC4Q
745,932,EADNVGSHY
746,680,MRUKQ579P
747,932,5YWBHJE9K
748,801,EP7QXRDCW
749,801,MJWFNQR36
750,932,AF3JV8ES2
751,801,DQKUXNBSV
752,801,U2YCWQGP5
753,70,RVHBD9MFA
754,801,M4R3BQZEP
755,801,TN5VWRH6M
756,801,ZSN8WKPQB
757,932,9WAX3N65C
758,680,QYVF5M46G
759,680,3VCNY5W2S
760,801,47J5SNAD8
761,4,U4HMY3DA9
762,70,FSYC29ND4
763,733,98XSWTUHG
764,801,9NBVJC7QR
765,932,XAPSR2Z95
766,733,E3GMKSP6C
767,734,JDXRMNY3T
768,801,3ZJ2PEHVG
769,801,JVP63B7FX
770,28,JS4Q6XRWK
771,801,JD52TYUHS
772,932,ASHWPK58C
773,440,26BVC9F35
774,680,UBF7TQE38
775,680,7EJX5VPKC
776,932,PZ4FNR6UG
777,440,M9HKAQY6X
778,801,K6HPSDZMX
779,801,EP7QXRDCW
780,801,A7MUGTZQB
781,801,VD5ANYQ8G
782,801,T9RUJAQ6B
783,932,XRA7NZCU8
784,932,9A7VKTUSQ
785,932,RXBPCHZ4D
786,801,UPQGY7W9H
787,801,F45YM3E6J
788,28,J4W9GNPVB
789,932,MP3EU8NRJ
790,801,VZDSN489M
791,932,N4RDVMCZS
792,801,Z9A2XMSVC
793,932,AUS7EFVMZ
794,932,ESX9M8WN7
795,932,26YC8VU3P
796,801,58ZVWQCH7
797,733,JNE4WQY3C
798,733,FZJYCNR2H
799,932,K49MRQAW8
800,932,AD95P8NU6
801,801,QG9ECTP7R
802,932,4ESA8W5RN
803,932,NY4G7A6RU
804,801,CDM5T49RN
805,251,6AFYTM8DN
806,680,7HDQVNY9W
807,251,3XQF4WA2M
808,932,57QVFBSGR
809,680,CPYU7METS
810,680,UG68P2RE3
811,251,6F9M7SGPZ
812,28,WYV874HC6
813,733,XY9UVF7MT
814,251,UFHKPWSRB
815,680,75ZT4BDCK
816,801,8KS4VR79M
817,734,QSG8MEXAB
818,932,ACNS3JVDZ
819,801,MKSYQWVGU
820,801,WK6UB2EDQ
821,801,T9RUJAQ6B
822,801,VEKHFUBPA
823,4,72WRU4VCK
824,733,3W86SV7NP
825,932,FDCWVKE5R
826,28,S47GENA69
827,801,DBHQJA7N3
828,733,NTB5MF67S
829,70,W7SM6XPB4
830,801,47J5SNAD8
831,733,5DWCHFXBY
832,680,UM845NPTY
833,932,XAPSR2Z95
834,932,TEWU7RQ6F
835,801,T2GFJ97QE
836,733,PVCT78Z9E
837,153,4YUC2QBXV
838,153,S243X7U6K
839,153,X9ZK37RD2
840,153,SF3NR4PMZ
841,153,2BGMZEPF9
842,733,CJNYBKX2V
843,733,7UG2YPV8Q
844,251,UFHKPWSRB
845,733,DGHYN9JQ2
846,733,GJ2RMVDPH
847,671,KN63HCEUY
848,251,6AFYTM8DN
849,251,S4PUVHMT7
850,251,JGUWY4N8Q
851,671,TRCEQ437N
852,251,WUVGH3SEK
853,153,8SNTB7V6C
854,680,XB5GSZUD4
855,153,HFR6AN5SC
856,932,9WAX3N65C
857,680,H73WPX5ZG
858,734,F63CBHUVY
859,251,2RVD4C5FZ
860,353,EMFKVBHD2
861,28,VGX45Q9AJ
862,4,UXPKVQRJ6
863,733,KMW4NS57J
864,733,5F2HKDMCR
865,733,2NR3GEUQC
866,733,AY5JSMZW3
867,733,8EAMZ3KPH
868,733,S3WY7XAZ2
869,932,YDHR4TQ3U
870,733,NRTFZKXA4
871,733,X8HQBRC92
872,251,XU7MVHJTR
873,733,W5BQNY6EP
874,70,TKH7ER2N4
875,261,6USTZK7X2
876,70,TNEXH5WYK
877,353,MU6QC5HES
878,353,DKFYEJNB2
879,932,DVBEHCWTZ
880,353,5ABRV4ZCD
881,854,B35Q4JMDY
882,854,GSQ6B9853
883,854,X9KD2GUFY
884,854,25RX83V9F
885,854,9NDYJV8Q3
886,854,XA5NB9ZPY
887,854,F5WC2QH3K
888,733,35FHNTAK9
889,932,RDYQTGPM4
890,932,VJNR7TB42
891,680,7RND4FKXV
892,440,UNRCZ745S
893,854,6QZHAUWF3
894,4,CVTHAMSWF
895,854,7GJC5ZN4D
896,440,WGBXFTVYM
897,932,2UVXCZYM5
898,734,T7CS6WY8Z
899,440,4FBPZY6Q9
900,336,96F3A2WMB
901,336,NYC6TVQSW
902,261,68QUR9AGY
903,261,YXZHS4W9F
904,251,E72CQAP98
905,932,XRA7NZCU8
906,440,8SRYMB4AG
907,251,G8D9V3ZFU
908,251,RKAB92CQZ
909,251,VFES3T6BJ
910,70,F723TDCNJ
911,261,6U5PDRN9Q
912,70,4HCUB5RXG
913,28,YXS76FRV9
914,734,XNZ8GWVYK
915,680,TCH3XVA8S
916,680,JSHTR9Y86
917,70,GQTAPNXR3
918,854,JR5E4BP2W
919,854,WZM7HQTUJ
920,261,XUF4GSB2H
921,932,JN2WPQBS3
922,932,935G87UN4
923,153,3S8FWM5UZ
924,932,5M6TUZQJV
925,153,FPHSJCDZT
926,153,V9Z3PQYU2
927,153,F5URGYA3D
928,261,XYKT89U4H
929,932,8DC3ZEPKW
930,932,7RFXMTJ43
931,251,YBTP6GXQR
932,153,6SGVMNEJ2
933,4,32CEBNYZ7
934,28,WUVCKHY5A
935,671,852DGJPNV
936,671,HY8PTV5JE
937,671,ZASW469CT
938,680,U5KZR89G2
939,251,NKM4UD5H9
940,251,6RAY27NC4
941,251,KRBE7JM54
942,733,U3EPBZKAS
943,932,9A7VKTUSQ
944,932,A7GK8HVD2
945,733,H2GMX5KSW
946,4,T5K4BVC3Z
947,4,HBDM9PZFT
948,734,GKRJDSAW3
949,932,SHFAZUYTX
950,251,3Y6JBWU7S
951,251,2DYKBRUZC
952,251,5ZSXPURNT
953,251,UBVTYZK4N
954,251,BTJ2ARVED
955,251,AMD5P2FX3
956,251,795XSVHP4
957,733,4FBRE5V26
958,28,NTHZBX69S
959,932,EADNVGSHY
960,801,M4R3BQZEP
961,28,JSAQZPGFW
962,680,QBA9HNWEF
963,680,7CMUVGAJK
964,680,R5XQWH6V7
965,70,364RNYB9K
966,680,MRUKQ579P
967,733,UH2ZPRC4Q
968,680,7EJX5VPKC
969,680,UBF7TQE38
970,932,ESM9XGAWZ
971,932,5YWBHJE9K
972,801,EP7QXRDCW
973,680,UG68P2RE3
974,28,DTSC5AEUK
975,801,HBW72J5Q6
976,932,UXF4NTPWE
977,801,DQKUXNBSV
978,801,ZMNQDPB3H
979,801,TN5VWRH6M
980,801,2DWC5FA47
981,801,A7MUGTZQB
982,801,EP7QXRDCW
983,801,8KS4VR79M
984,734,QSG8MEXAB
985,680,KTWMXHBDC
986,680,QYVF5M46G
987,680,3VCNY5W2S
988,28,CWDKQTPUM
989,680,VT67Q5NA4
990,28,EN8M7DS35
991,70,FSYC29ND4
992,680,NV7GWUQFZ
993,733,98XSWTUHG
994,733,ARGUJN4FV
995,733,N2E7B3K6C
996,733,4ZKCVW56A
997,932,K2CE93BWY
998,801,3ZJ2PEHVG
999,801,JVP63B7FX
1000,28,WTSCX6FYH
1001,680,75ZT4BDCK
1002,733,E26BG3XU7
1003,801,JD52TYUHS
1004,28,JS4Q6XRWK
1005,734,JDXRMNY3T
1006,733,XY9UVF7MT
1007,932,ZETRWJC27
1008,801,ZS6TFWEHR
1009,801,AVGHTZXS9
1010,801,MTS84XAPD
1011,801,JSCRXDFN9
1012,932,PZ4FNR6UG
1013,801,U2YCWQGP5
1014,801,MJWFNQR36
1015,801,M4R3BQZEP
1016,801,VD5ANYQ8G
1017,801,T2GFJ97QE
1018,801,RU924DVCN
1019,932,XP5CYFTS4
1020,801,XRTUZVJC5
1021,801,K6HPSDZMX
1022,801,VZDSN489M
1023,801,FDAT2UPS3
1024,440,26BVC9F35
1025,801,FT927ZE8X
1026,932,9A7VKTUSQ
1027,932,8DC3ZEPKW
1028,932,XW9YEU4JN
1029,932,ASHWPK58C
1030,932,RXBPCHZ4D
1031,440,M9HKAQY6X
1032,801,MKSYQWVGU
1033,801,UPQGY7W9H
1034,733,E3GMKSP6C
1035,801,WFK9N5JCQ
1036,801,Y3PBH6FE7
1037,801,Z9A2XMSVC
1038,932,SCK8PFGRB
1039,932,AD95P8NU6
1040,932,NY4G7A6RU
1041,932,AUS7EFVMZ
1042,932,XD7NVQCK9
1043,932,2AXNBCTK8
1044,733,YKGWTJ79C
1045,733,J5G2RVBDN
1046,28,89VRHTBAY
1047,733,JFRACBZ6W
1048,932,ACNS3JVDZ
1049,28,S4XKEAQW2
1050,28,HFK48SDMW
1051,932,N4RDVMCZS
1052,28,C6VNGT3DR
1053,801,QG9ECTP7R
1054,4,U4HMY3DA9
1055,28,J4W9GNPVB
1056,801,EMBK4DZTH
1057,733,PNE98RFK3
1058,932,AH5E9NGDM
1059,733,JNE4WQY3C
1060,28,BPVQG27TX
1061,932,26YC8VU3P
1062,733,TPEFYXK9H
1063,733,FZJYCNR2H
1064,733,QMZ9RG4DY
1065,733,TUFX473RM
1066,801,F45YM3E6J
1067,801,58ZVWQCH7
1068,932,4ESA8W5RN
1069,932,ESX9M8WN7
1070,28,HCZNJ687K
1071,733,T2VGWR9F7
1072,801,UA4MTN6R3
1073,801,K9U6SZN4F
1074,801,9FB8MJYSZ
1075,932,MP3EU8NRJ
1076,733,G36MKC9UV
1077,801,CDM5T49RN
1078,28,ZSNBGMCEF
1079,251,6F9M7SGPZ
1080,251,3XQF4WA2M
1081,4,BU9DQ4VSG
1082,251,FMCHYVBDT
1083,932,K49MRQAW8
1084,680,VP56CRDQM
1085,680,CPYU7METS
1086,153,N4ZAPDFBX
1087,932,57QVFBSGR
1088,680,7HDQVNY9W
1089,28,WYV874HC6
1090,801,WRXCH53Q6
1091,734,CZBKPWYR4
1092,680,2VS978HYF
1093,801,ZSN8WKPQB
1094,932,KFPSCHEM8
1095,932,UMTYRADHQ
1096,353,2YCE6RPX4
1097,680,XC8GZ95DY
1098,680,MRJFB8U3E
1099,932,RM4CZVGYS
1100,28,KDM3HXRGW
1101,28,2DJWB6G3F
1102,733,5UD3XGAJV
1103,353,XMRNHP4FA
1104,801,WK6UB2EDQ
1105,801,9NBVJC7QR
1106,28,JS4Q6XRWK
1107,733,JFRACBZ6W
1108,932,FDCWVKE5R
1109,733,JNE4WQY3C
1110,28,BPVQG27TX
1111,733,TUFX473RM
1112,733,QMZ9RG4DY
1113,28,HCZNJ687K
1114,733,J5G2RVBDN
1115,733,YKGWTJ79C
1116,28,89VRHTBAY
1117,251,WUVGH3SEK
1118,28,CWDKQTPUM
1119,733,5UD3XGAJV
1120,680,MRJFB8U3E
1121,70,W7SM6XPB4
1122,680,3VCNY5W2S
1123,733,N2E7B3K6C
1124,733,DGHYN9JQ2
1125,733,GJ2RMVDPH
1126,251,GKVQ4WH7F
1127,680,VP56CRDQM
1128,680,XB5GSZUD4
1129,680,2VS978HYF
1130,28,2DJWB6G3F
1131,680,KTWMXHBDC
1132,680,VT67Q5NA4
1133,680,NV7GWUQFZ
1134,680,7RND4FKXV
1135,854,B35Q4JMDY
1136,733,8EAMZ3KPH
1137,733,X8HQBRC92
1138,733,W5BQNY6EP
1139,251,XU7MVHJTR
1140,932,52UNM8SCA
1141,733,2NR3GEUQC
1142,733,S3WY7XAZ2
1143,733,AY5JSMZW3
1144,70,TNEXH5WYK
1145,854,X9KD2GUFY
1146,854,25RX83V9F
1147,854,XA5NB9ZPY
1148,854,GSQ6B9853
1149,854,6QZHAUWF3
1150,261,6U5PDRN9Q
1151,854,RTKWQ39AJ
1152,251,G8D9V3ZFU
1153,251,RKAB92CQZ
1154,251,VFES3T6BJ
1155,854,7GJC5ZN4D
1156,251,NKM4UD5H9
1157,251,6RAY27NC4
1158,251,KRBE7JM54
1159,932,JN2WPQBS3
1160,932,935G87UN4
1161,680,TCH3XVA8S
1162,680,JSHTR9Y86
1163,854,JR5E4BP2W
1164,28,YXS76FRV9
1165,336,96F3A2WMB
1166,336,NYC6TVQSW
1167,251,2XBHJUWDF
1168,733,U3EPBZKAS
1169,865,3RD8AH6SN
1170,932,A7GK8HVD2
1171,680,UBF7TQE38
1172,251,3Y6JBWU7S
1173,680,R5XQWH6V7
1174,680,MRUKQ579P
1175,680,UM845NPTY
1176,733,UH2ZPRC4Q
1177,251,AMD5P2FX3
1178,733,4FBRE5V26
1179,680,QBA9HNWEF
1180,680,7CMUVGAJK
1181,680,CPYU7METS
1182,932,ESM9XGAWZ
1183,932,EADNVGSHY
1184,733,E3GMKSP6C
1185,733,5DWCHFXBY
1186,28,J4W9GNPVB
1187,733,NTB5MF67S
1188,801,47J5SNAD8
1189,733,4ZKCVW56A
1190,28,WYV874HC6
1191,801,8KS4VR79M
1192,680,QYVF5M46G
1193,801,MTS84XAPD
1194,932,XW9YEU4JN
1195,801,JSCRXDFN9
1196,801,K6HPSDZMX
1197,801,Z9A2XMSVC
1198,932,XD7NVQCK9
1199,932,SCK8PFGRB
1200,801,Y3PBH6FE7
1201,801,QG9ECTP7R
1202,680,7HDQVNY9W
1203,680,UG68P2RE3
1204,4,BU9DQ4VSG
1205,251,6F9M7SGPZ
1206,932,UXF4NTPWE
1207,801,WRXCH53Q6
1208,733,XY9UVF7MT
1209,680,75ZT4BDCK
1210,733,PNE98RFK3
1211,4,72WRU4VCK
1212,28,WTSCX6FYH
1213,733,E26BG3XU7
1214,733,3W86SV7NP
1215,733,FZJYCNR2H
1216,733,G36MKC9UV
1217,733,T2VGWR9F7
1218,680,UM845NPTY
1219,680,MRUKQ579P
1220,680,7CMUVGAJK
1221,680,MRJFB8U3E
1222,733,98XSWTUHG
1223,733,ARGUJN4FV
1224,680,H73WPX5ZG
1225,733,CJNYBKX2V
1226,733,7UG2YPV8Q
1227,680,VP56CRDQM
1228,680,XB5GSZUD4
1229,680,2VS978HYF
1230,680,XC8GZ95DY
1231,733,PVCT78Z9E
1232,680,KTWMXHBDC
1233,680,NV7GWUQFZ
1234,733,NRTFZKXA4
1235,854,9NDYJV8Q3
1236,733,5F2HKDMCR
1237,680,7RND4FKXV
1238,733,KMW4NS57J
1239,733,35FHNTAK9
1240,70,TNEXH5WYK
1241,680,U5KZR89G2
1242,680,TCH3XVA8S
1243,680,JSHTR9Y86
1244,854,WZM7HQTUJ
1245,854,F5WC2QH3K
1246,261,XYKT89U4H
1247,733,H2GMX5KSW
1248,865,C8AQVZRM2
1249,28,NTHZBX69S
1250,680,R5XQWH6V7
1251,680,7EJX5VPKC
1252,680,UBF7TQE38
1253,680,QBA9HNWEF
1254,680,CPYU7METS
1255,680,7HDQVNY9W
1256,680,UG68P2RE3
1257,680,QYVF5M46G
1258,680,3VCNY5W2S
1259,28,HFK48SDMW
1260,680,VT67Q5NA4
1261,801,HBW72J5Q6
1262,801,AVGHTZXS9
1263,801,XRTUZVJC5
1264,801,EMBK4DZTH
1265,932,RM4CZVGYS
1266,28,DTSC5AEUK
1267,932,UMTYRADHQ
1268,28,ZSNBGMCEF
1269,680,75ZT4BDCK
1270,932,26YC8VU3P
1271,801,3ZJ2PEHVG
1272,801,JVP63B7FX
1273,733,TPEFYXK9H
1274,932,XAPSR2Z95
1275,153,2BGMZEPF9
1276,70,RVHBD9MFA
1277,153,N4ZAPDFBX
1278,353,2YCE6RPX4
1279,353,XMRNHP4FA
1280,251,JGUWY4N8Q
1281,251,UFHKPWSRB
1282,932,TEWU7RQ6F
1283,932,9WAX3N65C
1284,153,HFR6AN5SC
1285,70,FSYC29ND4
1286,153,S243X7U6K
1287,671,TRCEQ437N
1288,671,KN63HCEUY
1289,251,S4PUVHMT7
1290,153,X9ZK37RD2
1291,153,SF3NR4PMZ
1292,153,4YUC2QBXV
1293,353,DKFYEJNB2
1294,353,5ABRV4ZCD
1295,153,8SNTB7V6C
1296,932,DVBEHCWTZ
1297,353,EMFKVBHD2
1298,251,2RVD4C5FZ
1299,4,UXPKVQRJ6
1300,932,YDHR4TQ3U
1301,70,TKH7ER2N4
1302,353,MU6QC5HES
1303,251,37DUK6NPE
1304,4,32CEBNYZ7
1305,251,E72CQAP98
1306,932,XRA7NZCU8
1307,440,8SRYMB4AG
1308,70,4HCUB5RXG
1309,153,V9Z3PQYU2
1310,153,F5URGYA3D
1311,932,7RFXMTJ43
1312,4,CVTHAMSWF
1313,153,6SGVMNEJ2
1314,440,WGBXFTVYM
1315,440,UNRCZ745S
1316,440,4FBPZY6Q9
1317,336,93QN6K4VH
1318,932,2UVXCZYM5
1319,153,3S8FWM5UZ
1320,932,5M6TUZQJV
1321,153,FPHSJCDZT
1322,251,YBTP6GXQR
1323,70,GQTAPNXR3
1324,932,9A7VKTUSQ
1325,671,852DGJPNV
1326,671,HY8PTV5JE
1327,671,ZASW469CT
1328,251,795XSVHP4
1329,4,T5K4BVC3Z
1330,4,HBDM9PZFT
1331,932,SHFAZUYTX
1332,801,VD5ANYQ8G
1333,932,5YWBHJE9K
1334,801,EP7QXRDCW
1335,801,M4R3BQZEP
1336,932,AF3JV8ES2
1337,801,VEKHFUBPA
1338,801,JD52TYUHS
1339,440,26BVC9F35
1340,932,XRA7NZCU8
1341,801,U2YCWQGP5
1342,801,9NBVJC7QR
1343,801,WK6UB2EDQ
1344,4,U4HMY3DA9
1345,801,MJWFNQR36
1346,801,EP7QXRDCW
1347,801,M4R3BQZEP
1348,801,A7MUGTZQB
1349,932,9A7VKTUSQ
1350,932,ASHWPK58C
1351,932,RXBPCHZ4D
1352,440,M9HKAQY6X
1353,932,PZ4FNR6UG
1354,801,UPQGY7W9H
1355,801,TN5VWRH6M
1356,801,T9RUJAQ6B
1357,801,DBHQJA7N3
1358,932,ESX9M8WN7
1359,932,AUS7EFVMZ
1360,801,VZDSN489M
1361,932,N4RDVMCZS
1362,932,AD95P8NU6
1363,932,MP3EU8NRJ
1364,932,NY4G7A6RU
1365,801,58ZVWQCH7
1366,932,4ESA8W5RN
1367,801,F45YM3E6J
1368,932,57QVFBSGR
1369,734,QSG8MEXAB
1370,932,ACNS3JVDZ
1371,932,K49MRQAW8
1372,801,CDM5T49RN
1373,734,JDXRMNY3T
1374,801,ZSN8WKPQY
1375,801,DQKUXNBSO
1376,801,MKSYQWVGP
1377,932,ESX9M8WN6
1378,671,852DGJPN1
1379,680,TCH3XVA8F
1380,680,JSHTR9Y8U
1381,854,25RX83V9S
1382,854,XA5NB9ZP7
1383,854,GSQ6B985B
1384,854,6QZHAUWF6
1385,261,6U5PDRN9P
1386,854,RTKWQ39AQ
1387,251,G8D9V3ZFI
1388,353,EMFKVBHDC
1389,4,UXPKVQRJ9
1390,251,2RVD4C5F5